,League,CoverRatingWindow,CoverScoreAvg,BetCount,xHitRate
0,MLB,0.0-3.0,0.20015331206430054,163,0.5214723926380368
1,MLB,12.0-15.0,0.475100762394384,22,0.5909090909090909
2,MLB,3.0-6.0,0.6737828736881016,145,0.5448275862068965
3,MLB,6.0-9.0,0.9498763325797821,88,0.5681818181818182
4,MLB,9.0-12.0,1.771581232036809,65,0.5230769230769231
5,NBA,0.0-3.0,0.07012415988834686,45,0.37777777777777777
6,NBA,3.0-6.0,0.38945949293552573,28,0.5
7,NBA,6.0-9.0,0.20514395832924412,6,0.5
