,League,CoverRatingWindow,CoverScoreAvg,BetCount,xHitRate
0,MLB,0.0-3.0,0.17805110438048655,189,0.5079365079365079
1,MLB,12.0-15.0,0.31846956491977085,22,0.5909090909090909
2,MLB,3.0-6.0,0.5345535859146989,160,0.53125
3,MLB,6.0-9.0,0.7690214851897359,92,0.5760869565217391
4,MLB,9.0-12.0,1.4572772114415533,73,0.5205479452054794
5,NBA,0.0-3.0,0.09107705155900725,46,0.391304347826087
6,NBA,3.0-6.0,0.4072766164182199,31,0.5161290322580645
7,NBA,6.0-9.0,0.1375121075911922,6,0.5
