,League,CoverRatingWindow,CoverScoreAvg,BetCount,xHitRate
0,MLB,0.0-3.0,0.20978689782445972,146,0.4863013698630137
1,MLB,12.0-15.0,0.8656900312386714,22,0.5909090909090909
2,MLB,3.0-6.0,0.6360604323572365,140,0.45714285714285713
3,MLB,6.0-9.0,0.8666819190511084,73,0.547945205479452
4,MLB,9.0-12.0,1.5053659884349584,54,0.4444444444444444
5,NBA,0.0-3.0,0.13067851714174109,44,0.38636363636363635
6,NBA,3.0-6.0,0.3832910815899123,26,0.46153846153846156
7,NBA,6.0-9.0,0.37379666325824296,6,0.5
