,League,CoverRatingWindow,CoverScoreAvg,BetCount,xHitRate
0,MLB,0.0-3.0,0.08675248233809588,102,0.5196078431372549
1,MLB,12.0-15.0,0.45469767253102517,22,0.5909090909090909
2,MLB,3.0-6.0,0.33493317042126025,97,0.4742268041237113
3,MLB,6.0-9.0,0.5055385052667336,65,0.5384615384615384
4,MLB,9.0-12.0,0.9864682581186457,42,0.4523809523809524
5,NBA,0.0-3.0,0.08589976287485211,35,0.42857142857142855
6,NBA,3.0-6.0,0.42282224193314216,19,0.631578947368421
7,NBA,6.0-9.0,0.15699903638803026,6,0.5
