,League,CoverRatingWindow,CoverScoreAvg,BetCount,xHitRate
0,MLB,0.0-3.0,0.22241218150693373,152,0.5394736842105263
1,MLB,12.0-15.0,0.5802893815925002,22,0.5909090909090909
2,MLB,3.0-6.0,0.6872333792203025,137,0.5328467153284672
3,MLB,6.0-9.0,1.0099298297311563,85,0.5647058823529412
4,MLB,9.0-12.0,1.6528320166683081,60,0.5
5,NBA,0.0-3.0,0.08963355589670051,43,0.3953488372093023
6,NBA,3.0-6.0,0.47568689886311233,28,0.5
7,NBA,6.0-9.0,0.25056339652323373,6,0.5
