,League,CoverRatingWindow,CoverScoreAvg,BetCount,xHitRate
0,MLB,0.0-3.0,0.17191643052516195,161,0.5093167701863354
1,MLB,12.0-15.0,0.475100762394384,22,0.5909090909090909
2,MLB,3.0-6.0,0.5871143212342492,155,0.4967741935483871
3,MLB,6.0-9.0,0.8731022486252158,88,0.5568181818181818
4,MLB,9.0-12.0,1.385487577831357,64,0.484375
5,NBA,0.0-3.0,0.06859972162990453,46,0.3695652173913043
6,NBA,3.0-6.0,0.38945949293552573,28,0.5
7,NBA,6.0-9.0,0.20514395832924412,6,0.5
