,League,CoverRatingWindow,CoverScoreAvg,BetCount,xHitRate
0,MLB,0.0-3.0,0.06646556302749965,109,0.48623853211009177
1,MLB,12.0-15.0,0.35608909968656083,23,0.5652173913043478
2,MLB,3.0-6.0,0.2633598853903967,101,0.45544554455445546
3,MLB,6.0-9.0,0.4138999211269501,65,0.5384615384615384
4,MLB,9.0-12.0,0.7538084398665368,45,0.4222222222222222
5,NBA,0.0-3.0,0.07032877754774773,35,0.42857142857142855
6,NBA,3.0-6.0,0.32886869392824003,20,0.6
7,NBA,6.0-9.0,0.1285399392944895,6,0.5
