,League,CoverRatingWindow,CoverScoreAvg,BetCount,xHitRate
0,MLB,0.0-3.0,0.23375597397100875,147,0.54421768707483
1,MLB,12.0-15.0,0.6413189486041332,22,0.5909090909090909
2,MLB,3.0-6.0,0.6810996281933559,133,0.5263157894736842
3,MLB,6.0-9.0,1.0192374777690454,80,0.575
4,MLB,9.0-12.0,1.691520553172344,59,0.4915254237288136
5,NBA,0.0-3.0,0.09906039926074138,43,0.3953488372093023
6,NBA,3.0-6.0,0.40077035186641924,26,0.5
7,NBA,6.0-9.0,0.27691537897173474,6,0.5
