,League,CoverRatingWindow,CoverScoreAvg,BetCount,xHitRate
0,MLB,0.0-3.0,0.10595972120499172,102,0.5196078431372549
1,MLB,12.0-15.0,0.5553689913584038,22,0.5909090909090909
2,MLB,3.0-6.0,0.40908829815185754,97,0.4742268041237113
3,MLB,6.0-9.0,0.617466124688958,65,0.5384615384615384
4,MLB,9.0-12.0,1.2048750513035722,42,0.4523809523809524
5,NBA,0.0-3.0,0.10491820730064894,35,0.42857142857142855
6,NBA,3.0-6.0,0.5164362525086065,19,0.631578947368421
7,NBA,6.0-9.0,0.19175905607282906,6,0.5
