,League,CoverRatingWindow,CoverScoreAvg,BetCount,xHitRate
0,MLB,0.0-3.0,0.17382953351764713,196,0.5204081632653061
1,MLB,12.0-15.0,0.2607408267191812,22,0.5909090909090909
2,MLB,3.0-6.0,0.5217702517172756,167,0.5449101796407185
3,MLB,6.0-9.0,0.9802682816858328,100,0.6
4,MLB,9.0-12.0,1.529750681797073,76,0.5394736842105263
5,NBA,0.0-3.0,0.07994895999443594,47,0.40425531914893614
6,NBA,3.0-6.0,0.578370783718616,32,0.5625
7,NBA,6.0-9.0,0.11258539140547726,6,0.5
