,League,CoverRatingWindow,CoverScoreAvg,BetCount,xHitRate
0,MLB,0.0-3.0,0.17263340113588305,171,0.49707602339181284
1,MLB,12.0-15.0,0.42988894715185033,22,0.5909090909090909
2,MLB,3.0-6.0,0.601369208047583,147,0.5374149659863946
3,MLB,6.0-9.0,0.8403840115977352,90,0.5555555555555556
4,MLB,9.0-12.0,1.5322727089619819,68,0.5
5,NBA,0.0-3.0,0.06207159499758839,46,0.3695652173913043
6,NBA,3.0-6.0,0.35239752201737523,28,0.5
7,NBA,6.0-9.0,0.18562192958030976,6,0.5
