,League,CoverRatingWindow,CoverScoreAvg,BetCount,xHitRate
0,MLB,0.0-3.0,0.19483772825656578,157,0.5222929936305732
1,MLB,12.0-15.0,0.5250675457538415,22,0.5909090909090909
2,MLB,3.0-6.0,0.604193782074682,141,0.5177304964539007
3,MLB,6.0-9.0,0.8630543940019114,90,0.5333333333333333
4,MLB,9.0-12.0,1.471027135484577,61,0.4918032786885246
5,NBA,0.0-3.0,0.08110379528695234,43,0.3953488372093023
6,NBA,3.0-6.0,0.40172468500344244,30,0.4666666666666667
7,NBA,6.0-9.0,0.22671913676440314,6,0.5
