,League,CoverRatingWindow,CoverScoreAvg,BetCount,xHitRate
0,MLB,0.0-3.0,0.17546380235974277,195,0.5128205128205128
1,MLB,12.0-15.0,0.28816317884504083,22,0.5909090909090909
2,MLB,3.0-6.0,0.5191469815005205,164,0.5365853658536586
3,MLB,6.0-9.0,0.8439748103488647,97,0.5773195876288659
4,MLB,9.0-12.0,1.44869863067444,73,0.5342465753424658
5,NBA,0.0-3.0,0.0824099241749801,46,0.391304347826087
6,NBA,3.0-6.0,0.4841985700304348,32,0.53125
7,NBA,6.0-9.0,0.12442610038149741,6,0.5
