,League,CoverRatingWindow,CoverScoreAvg,BetCount,xHitRate
0,MLB,0.0-3.0,0.19429166120242153,174,0.5172413793103449
1,MLB,12.0-15.0,0.3889796049830773,22,0.5909090909090909
2,MLB,3.0-6.0,0.5593701439688183,155,0.5225806451612903
3,MLB,6.0-9.0,0.8660965572980722,92,0.5652173913043478
4,MLB,9.0-12.0,1.5631159115305824,71,0.5070422535211268
5,NBA,0.0-3.0,0.05741280623434703,45,0.37777777777777777
6,NBA,3.0-6.0,0.38978798447250956,30,0.5
7,NBA,6.0-9.0,0.16795766749230015,6,0.5
